,A,B,C,D
2000-01-01,-0.163006059696,-0.621059737906,-0.606902351247,0.789531670566
2000-01-02,-1.23773505954,-0.691867447254,0.1254375667,3.09805895735
2000-01-03,-1.89148582533,-2.70483656218,0.811192072827,3.62407539462
2000-01-04,-2.15581811542,-2.44936020534,2.74412971978,3.08007394756
2000-01-05,-0.651012942837,-5.42524846621,3.63291444498,2.06744981376
2000-01-06,-0.659335704062,-5.03661314379,2.19732675172,3.00413205573
2000-01-07,-0.505699236321,-5.85090868575,2.29236220182,4.76675259056
2000-01-08,-0.757743540163,-4.94334728333,1.65188313243,5.35880137013
2000-01-09,0.59535131905,-6.7617798287,2.55689426532,6.82595145612
2000-01-10,0.374310647606,-8.16853524563,3.27921767767,5.49064723708
2000-01-11,0.61394949451,-8.0283320757,4.1203336479,4.25136403769
2000-01-12,0.707394341704,-7.17739040354,4.76759982577,4.45053093979
2000-01-13,0.937339073828,-7.39890843761,4.75339892413,4.4767741393
2000-01-14,1.05952186536,-6.76827978146,3.40761732293,4.83409120055
2000-01-15,0.441726879858,-6.84351717623,1.6586637711,4.520935894
2000-01-16,-0.182278879393,-8.47424594712,1.69586236187,5.1497947231
2000-01-17,-0.171045406651,-9.28423558017,1.05857482787,3.88651585051
2000-01-18,-0.954513260154,-10.1999776337,3.44754400721,3.07769998206
2000-01-19,-0.685032155374,-9.82158175292,4.80600811061,4.33736266787
2000-01-20,1.19648818687,-9.99328575781,5.06144673419,5.33259668667
2000-01-21,1.73692219779,-11.9900892683,3.29421989685,6.27746829574
2000-01-22,4.01016512687,-11.8271512901,3.61449694116,5.19623535037
2000-01-23,3.46559137223,-13.5411163264,4.39551841803,5.02939796091
2000-01-24,2.28239552697,-13.5749161506,4.50644006625,3.88186969921
2000-01-25,3.37654181914,-12.335848159,3.61053415726,3.34326450539
2000-01-26,2.29968126093,-12.1952355203,2.96741087522,2.79769570242
2000-01-27,2.88780458813,-13.8552205061,3.3015322195,3.17420017372
2000-01-28,3.55429045298,-14.4310349625,3.33717996898,2.27194212946
2000-01-29,4.38480266474,-15.0871184358,4.78319573367,2.49288249785
2000-01-30,4.97149010776,-14.3381832005,5.3559081825,2.88049842351
2000-01-31,5.22352099509,-13.4734159465,5.21355085983,3.04781879943
2000-02-01,2.92866364699,-14.7347190556,6.24762800314,5.01940956699
2000-02-02,2.09618979202,-13.9438371382,8.25154408372,7.23119464188
2000-02-03,3.19861091743,-15.6760448941,9.53858849816,7.63884671456
2000-02-04,3.35224076272,-14.0111174979,8.70140948524,7.22204478274
2000-02-05,3.49796333544,-15.0829485902,8.01881778223,8.35188643706
2000-02-06,2.56860738537,-15.6773618658,7.2869732712,7.20827174538
2000-02-07,1.43306720006,-17.4631805072,7.0710930078,6.92304895108
2000-02-08,1.12803579898,-17.7119366059,6.82309113219,8.18642208588
2000-02-09,1.65815518693,-17.3516980865,7.36639566028,8.58741662411
2000-02-10,1.44540689682,-17.9649987578,9.11610682343,8.57875940817
2000-02-11,1.30791053911,-17.0599508135,9.95123403022,10.9436619962
2000-02-12,3.23687080321,-16.4541127328,9.89751326535,10.4591960219
2000-02-13,4.29512347581,-16.857182471,7.61278385914,8.89949618732
2000-02-14,4.92203358047,-15.8298806564,6.73022830371,9.88327635023
2000-02-15,4.57933680809,-17.3027165801,6.42692130022,10.3911373785
2000-02-16,4.31816577352,-16.4524022987,6.58253291533,10.3992388062
2000-02-17,3.32427787574,-16.8651495291,6.94974465702,10.7412305473
2000-02-18,3.89566902026,-16.5572765061,5.62104554539,11.4142548252
2000-02-19,4.34505448086,-16.9663327499,7.25713716067,12.0816856835
2000-02-20,5.02426504741,-15.9112619445,5.9440854895,12.0435658264
2000-02-21,4.7068588197,-15.4743797059,6.5319307803,9.22524051624
2000-02-22,5.40762878328,-14.6359821076,5.62899503566,8.88056039656
2000-02-23,6.43886445177,-16.1989710446,4.28089525738,8.86442230977
2000-02-24,6.20079280791,-15.8020574748,4.4615836371,9.50952903445
2000-02-25,7.567746117,-15.5022434908,4.41487408845,8.32383149625
2000-02-26,6.57313515197,-14.5490725948,6.19680995881,9.8188150875
2000-02-27,6.89173279695,-14.4188607651,6.66255869456,11.7466637309
2000-02-28,8.26924951658,-13.4326147037,5.48244548924,10.0720461475
2000-02-29,8.71949762375,-12.3214051827,6.32037209008,10.0950491149
2000-03-01,7.74774393459,-11.356111631,6.19556248605,9.75793324339
2000-03-02,7.84045717806,-10.8636972744,6.37633254885,10.1856488838
2000-03-03,6.87407418923,-9.74056550805,8.17252515494,9.63620300875
2000-03-04,5.62720311201,-10.1018493669,8.94844936557,8.8948873861
2000-03-05,5.16047093002,-11.5052844976,9.00056325678,9.58970230558
2000-03-06,5.69782698485,-10.8432594018,8.98239091007,11.1158805633
2000-03-07,6.49626187581,-10.436917886,8.54037047081,10.826741488
2000-03-08,4.98646938944,-9.68139726655,9.06785909733,11.1054468843
2000-03-09,4.06407564126,-10.4381491071,10.4728712563,12.0319616108
2000-03-10,3.42937777963,-10.7736310876,10.2473052424,12.1532801074
2000-03-11,4.95412471113,-9.23896534167,7.74252608914,13.1378914876
2000-03-12,6.0931293939,-9.63346012512,9.6981766704,12.6667446342
2000-03-13,6.41738674794,-10.2535873561,11.2620280334,12.3831409301
2000-03-14,7.22840141557,-8.43249903867,11.4704442267,12.9505121569
2000-03-15,6.85410432459,-9.31748727244,12.3901014182,13.0882786005
2000-03-16,7.42257803056,-7.81768003457,12.8005813119,13.2178419722
2000-03-17,7.53839596611,-7.07041323136,13.4568685421,13.6639112762
2000-03-18,5.98926585641,-6.212162291,15.1366257945,12.8870044433
2000-03-19,5.18570516319,-5.59309169177,16.615718597,12.0522900026
2000-03-20,4.65238360168,-5.47091023759,15.7471007961,13.5852800693
2000-03-21,5.02850232611,-6.09212094885,17.9819435734,15.6623166228
2000-03-22,4.1800044082,-5.6593930737,17.6252575596,16.6675600572
2000-03-23,3.721662789,-4.48712495601,18.4181421271,18.9122269446
2000-03-24,4.69817065858,-4.44474540429,18.2537812409,18.5143766266
2000-03-25,4.70252927941,-4.02659695531,17.3690523467,17.2961418202
2000-03-26,6.29760216872,-4.13090177252,17.3709686511,17.4246307257
2000-03-27,6.3041539396,-5.34419836734,17.4919605809,18.1815792877
2000-03-28,3.96309607582,-6.70398624922,16.5818660324,16.5547755025
2000-03-29,6.03087455643,-5.71554190001,15.7267319288,17.4449626372
2000-03-30,6.60768953026,-6.30225812922,15.1583753831,17.7698630817
2000-03-31,4.83371493137,-6.39555006069,15.065997937,17.2273114411
2000-04-01,4.73602806354,-5.74269218591,15.0732979878,16.6241599915
2000-04-02,4.87044841664,-6.86564557597,15.1995521666,15.0103760936
2000-04-03,4.32598511591,-7.81101777362,13.8429136235,13.6769532129
2000-04-04,2.90894006995,-8.1727494637,12.9318267832,14.7956309646
2000-04-05,2.99930375347,-7.85724765605,12.2925863904,15.2846657518
2000-04-06,2.57780065774,-7.80510283983,11.7884215956,15.9567109883
2000-04-07,3.7141344014,-8.23664027519,11.1239142291,15.2054781753
2000-04-08,4.48502291316,-8.21443694603,10.6954587966,16.7599241758
2000-04-09,4.95112111501,-7.77302275016,10.6930244764,16.0840381849
2000-04-10,4.07837265106,-6.90368751438,11.156297895,16.4212808099
2000-04-11,3.6244401418,-7.77249796671,11.6035416361,14.8914964838
2000-04-12,3.41167342449,-8.15214144473,13.5496318288,15.5534180956
2000-04-13,2.54430426571,-6.9864563854,13.6532835062,16.0697973414
2000-04-14,2.11717828078,-8.71911355142,13.9255602062,16.8268016473
2000-04-15,3.73675415942,-7.08095461728,13.1672346215,18.0868972869
2000-04-16,3.81992563487,-6.59894701772,12.9828060329,19.2637177183
2000-04-17,3.55691985188,-6.06224966225,11.5007621014,19.8846493537
2000-04-18,3.3558251509,-6.81162672395,12.5758932088,19.9340964132
2000-04-19,5.03704800673,-6.43092159456,13.1720370983,20.9310668812
2000-04-20,6.42459646313,-6.67656401848,12.2180767254,21.3003333002
2000-04-21,4.46285199185,-6.95240469307,13.0310713472,22.0932286578
2000-04-22,4.41724356775,-7.62351957783,13.156627499,20.3981446658
2000-04-23,4.16824719868,-7.11512218661,12.5876856937,21.4327244675
2000-04-24,5.06211301448,-6.67089150331,11.9005937473,21.8332158556
2000-04-25,5.88522144101,-7.71631466442,10.556474984,21.9697441973
2000-04-26,5.73499495164,-8.79802217589,12.2497548829,23.1355829465
2000-04-27,6.80891589519,-9.30924057972,13.0627487494,22.2584288025
2000-04-28,8.26341335904,-10.9614797251,12.3376181115,24.034211801
2000-04-29,9.97287683711,-10.3686609367,12.6870794532,23.8984231547
2000-04-30,9.63745720285,-11.8109167351,11.8761635093,25.0642852458
2000-05-01,9.41649339048,-12.180026332,11.3880542037,23.9799584874
2000-05-02,8.10565303943,-13.6609616901,9.64476294175,25.379850105
2000-05-03,7.06622570342,-13.4130971609,9.46680067594,27.4993844445
2000-05-04,7.46037089317,-13.1344866618,10.2568361413,27.6250035335
2000-05-05,4.84376153846,-11.4830739852,8.07798892025,28.2747830238
2000-05-06,3.48947385114,-10.9074297905,9.41016834237,29.3432882352
2000-05-07,3.31237097131,-10.3056461357,9.94255073711,30.0542133294
2000-05-08,3.8576231474,-11.836232392,11.2475847444,30.3016533706
2000-05-09,3.48397027637,-13.6001917045,11.4548069839,30.3995675455
2000-05-10,3.05074802504,-13.1390782615,9.60784185689,30.6023928379
2000-05-11,1.85461220854,-12.9312736572,10.1406363303,30.8701003793
2000-05-12,2.87940896911,-13.0467279447,11.5667564135,30.9463598536
2000-05-13,3.31009270536,-12.7718258514,10.2653296422,30.4702364349
2000-05-14,3.13140817324,-11.8503006716,9.34117935695,31.2049046651
2000-05-15,3.97042098082,-12.4523411683,9.27521895619,32.4406627055
2000-05-16,2.51512456141,-10.9958334956,8.69574593298,32.7170410806
2000-05-17,3.76727349065,-10.3731625002,8.9243341758,31.2201248759
2000-05-18,2.01456553601,-11.3242527102,10.4796145785,29.7786349521
2000-05-19,2.34177077241,-11.2597349254,10.4919363706,29.7514662936
2000-05-20,3.46997480844,-12.4761486412,10.9226543589,31.8338419788
2000-05-21,5.64387317431,-11.800691536,10.7592963108,32.4099373388
2000-05-22,6.19795890267,-11.8095560088,10.0289502146,31.7889930815
2000-05-23,5.1149159822,-12.4052793503,11.0115886887,32.1292254503
2000-05-24,3.36513779225,-11.922782533,11.7785481205,32.1809446832
2000-05-25,2.57874103698,-12.5397254152,11.1698214572,29.7765816041
2000-05-26,1.85342608855,-14.2776589894,11.7704192318,30.0556178984
2000-05-27,1.70379778624,-13.3406507023,13.1312420874,29.5153314219
2000-05-28,1.50906614056,-14.0510984957,13.7380856637,29.8347970547
2000-05-29,3.93446939666,-14.6337282674,13.4260554395,30.8529324277
2000-05-30,4.78583141175,-14.4675896416,11.5278902372,30.7185200087
2000-05-31,6.40839730076,-13.2529136922,12.9585145191,31.5130654117
2000-06-01,7.09134977772,-12.5255612636,11.8416122906,31.6602121552
2000-06-02,7.61848503253,-12.4241994174,11.3202069426,31.3819945127
2000-06-03,8.93365194724,-11.9848475483,11.7309457405,32.3187173919
2000-06-04,10.3489607842,-11.7027735207,11.7568311032,33.4102198751
2000-06-05,9.57266095523,-11.510007193,11.9380281844,34.2850571409
2000-06-06,8.78592217422,-11.5655849981,12.1472095956,34.5520318147
2000-06-07,8.97909079904,-10.5876415636,13.0027608271,35.264587813
2000-06-08,9.39601485798,-10.6790756456,12.9945517511,35.7246338395
2000-06-09,8.38506982349,-10.557123061,10.7194337017,36.4948637392
2000-06-10,9.39468958782,-11.1810320523,9.72416884908,37.7591311987
2000-06-11,8.72011191923,-12.4468664669,9.01729503353,37.98296809
2000-06-12,8.72702553313,-10.3575827182,8.6794768307,38.9349380365
2000-06-13,8.51149970635,-12.0043375248,9.80909508968,39.3401237376
2000-06-14,8.68088314427,-10.3493337105,9.00678822451,37.3304343852
2000-06-15,10.2845940091,-9.80795475832,9.89252795554,36.6793532035
2000-06-16,10.3126315755,-8.08289375469,12.0266105908,34.5925423645
2000-06-17,11.8191467563,-10.0019178386,14.5778743201,35.8341829837
2000-06-18,12.5596354011,-9.95610835936,15.557080303,36.4554752553
2000-06-19,12.7696835695,-10.6545754094,17.5009851193,37.00439026
2000-06-20,12.0729141321,-12.0060888423,18.8606462618,37.9247085333
2000-06-21,12.1309879838,-11.9213861723,18.565300052,38.8351150793
2000-06-22,11.830695602,-10.9143744788,18.4480994374,37.3243104455
2000-06-23,12.1753526965,-11.8803445172,18.5040152721,36.7122685794
2000-06-24,12.803523702,-10.8917668516,19.3718935583,37.6413216695
2000-06-25,11.797958354,-12.2324058599,19.6843777304,38.4903216173
2000-06-26,11.107783379,-12.3795392718,21.0203705558,38.8324546671
2000-06-27,10.49764895,-12.1377174429,20.1444629738,37.6743492981
2000-06-28,10.1847917589,-12.6751549338,18.6090164345,36.7166788224
2000-06-29,10.6870925838,-12.5543650411,18.6690211889,37.2874039487
2000-06-30,11.051085098,-13.0780335679,16.6003193544,36.9670079861
2000-07-01,11.7074217656,-14.1463105744,15.8785967416,35.8771307863
2000-07-02,12.4408882427,-14.1950854244,14.9669002238,36.4025183752
2000-07-03,11.8546688807,-15.0859887557,15.8034169898,37.9806198523
2000-07-04,11.3796968243,-15.7693807633,16.1192648665,38.6855319404
2000-07-05,11.6019582296,-14.5377759712,13.9385061146,38.7865727461
2000-07-06,11.353236063,-14.4408403902,13.9404375913,38.3626278113
2000-07-07,11.630312461,-14.1602167377,14.2428374017,39.6149030738
2000-07-08,11.7766197673,-13.5352444172,13.7836979819,40.2775554209
2000-07-09,12.4542969201,-12.1706496402,14.1328877687,41.8053545719
2000-07-10,11.0368377228,-12.0001926013,15.7209254943,42.7433147867
2000-07-11,10.3490529113,-11.1766820797,14.3366971429,41.7807204943
2000-07-12,10.329714021,-11.9272532202,15.7108472205,41.8120758064
2000-07-13,9.8927848524,-12.0209036814,15.3261202894,41.3431389547
2000-07-14,8.88756629601,-12.1653122274,15.691752192,40.4318982699
2000-07-15,7.14657311134,-12.5382707672,16.3534231572,40.1693565743
2000-07-16,6.80839811515,-11.9540999251,16.6235784638,40.9477167709
2000-07-17,6.1720295952,-11.5099240988,17.1784864193,40.1560343794
2000-07-18,7.45146230039,-11.6965205548,17.4171733225,40.2991091064
2000-07-19,8.39959206265,-11.3689784628,18.0262211908,39.7659988307
2000-07-20,7.77943056628,-11.5248817749,18.1941729888,41.5272864558
2000-07-21,7.77871242051,-13.6717105588,17.4390423265,41.4978187483
2000-07-22,8.87297874618,-13.4320546928,17.0827364245,39.8965032651
2000-07-23,6.93200008404,-14.2282986609,17.4358150325,42.3112938171
2000-07-24,7.32065069672,-14.75450434,16.758126809,42.8138060559
2000-07-25,7.84612748801,-13.6263028842,17.5387406336,42.2055792007
2000-07-26,7.23855446293,-13.5760372706,18.4405387382,42.7445781407
2000-07-27,7.85238141144,-13.8258019942,18.7070004201,44.1588390524
2000-07-28,6.68755337641,-12.7856949018,19.2272597578,45.4587060671
2000-07-29,5.24566395922,-12.9553376318,20.128112453,45.9697275128
2000-07-30,5.2183678256,-13.474116433,21.3999480772,46.239785286
2000-07-31,4.5894190869,-13.0561969985,21.3744739472,45.3786066349
2000-08-01,4.68035573416,-11.5584237288,21.0034485461,45.013569091
2000-08-02,3.90123632233,-10.1258132103,21.1423211652,44.4941375972
2000-08-03,4.59430904633,-11.1622178986,20.7412162348,43.1326688857
2000-08-04,5.41389538455,-11.5110072891,21.0171260533,43.5478314066
2000-08-05,5.5477702326,-13.1641769516,21.619447206,44.039163525
2000-08-06,6.40429329731,-13.2717864233,20.8490234258,42.5380982981
2000-08-07,6.39069351657,-13.958299013,19.4297072768,42.7008868673
2000-08-08,7.03711195993,-12.8920523629,20.6089238433,41.8498981369
2000-08-09,6.69506524609,-13.8331622431,18.8097205389,41.4293836316
2000-08-10,6.37370450401,-12.8883038839,17.8439094071,41.4901520238
2000-08-11,6.31950339911,-11.7923567611,15.3425402324,41.5811714878
2000-08-12,6.77511173398,-12.0255420907,14.7730615085,42.8110670761
2000-08-13,6.62758793517,-11.5214376396,12.4256041012,44.8965558612
2000-08-14,6.16615393747,-10.2811249341,11.3178858851,45.7696584497
2000-08-15,5.54627663328,-9.71919755025,10.8452875284,45.9641766589
2000-08-16,6.87541129306,-8.18828136272,10.8024070002,44.8996894124
2000-08-17,7.15914316016,-7.09369238833,8.86078450235,42.869798079
2000-08-18,8.60778252291,-5.52114924236,9.22760668477,44.3578026549
2000-08-19,8.70243434138,-5.74287931315,9.14776688986,44.4528547915
2000-08-20,8.09154013878,-4.97935581377,6.10579754269,43.4213230974
2000-08-21,7.11853895175,-6.85349866136,6.73558232049,42.365141785
2000-08-22,7.42991891311,-5.09399619262,7.21346223206,42.2518902633
2000-08-23,7.32006864251,-5.1860199977,6.22581630899,42.2764093273
2000-08-24,7.11818414693,-6.36988772159,5.07344011602,41.9778039067
2000-08-25,7.55567083659,-4.71075549996,6.08086705516,42.4072993692
2000-08-26,8.88891260692,-6.1436066985,2.89834703128,43.7522137452
2000-08-27,7.78232932003,-6.86329557926,0.792898904324,44.8784831928
2000-08-28,8.28705404139,-6.67012111847,1.65637618608,43.4388674301
2000-08-29,9.15680891572,-6.71198762813,2.78139013304,42.1075760989
2000-08-30,8.76404749768,-6.00501760847,3.65673464214,41.1056046715
2000-08-31,9.46967294811,-6.08797976238,3.2331312958,40.4426689991
2000-09-01,8.96812992939,-7.31598702243,4.01950204989,40.1100704204
2000-09-02,9.5329538024,-7.59973108539,2.49054171977,41.2815083592
2000-09-03,8.5379331816,-6.02864947044,3.79591522829,40.2510698483
2000-09-04,7.44656530713,-6.54735378647,3.11782833488,41.1464200834
2000-09-05,8.19700131616,-7.26292034864,2.66084647377,40.4856494632
2000-09-06,8.16281984425,-5.77139809245,2.51330636456,39.6673414172
2000-09-07,8.79420300374,-5.88112265233,1.95957184378,39.7856895203
2000-09-08,9.46194359055,-5.53032295215,2.52397852371,40.3363076023
2000-09-09,8.77756532052,-6.69331959895,1.4471632135,40.6710500442
2000-09-10,9.59290787137,-7.25456185819,1.99076340509,43.4353787003
2000-09-11,9.24466990749,-6.56020575184,1.95266054533,42.7464793957
2000-09-12,8.933056814,-6.68373534642,3.4459083056,42.0021232094
2000-09-13,9.3622059227,-8.38763639457,3.32516032708,43.5894959217
2000-09-14,10.8726981933,-8.71146586681,5.67218943401,42.639242169
2000-09-15,11.2157534136,-7.6003166016,6.4849121504,40.7160986624
2000-09-16,12.0618176806,-7.77417922773,7.14187114255,41.4569755734
2000-09-17,11.0790774752,-7.98978625702,6.09241321935,40.5885156702
2000-09-18,10.5222505426,-9.28005971317,5.15868657545,40.5635221694
2000-09-19,10.2929798202,-8.87304899367,6.77670421873,41.6020037073
2000-09-20,9.11876102952,-7.64316430541,6.62216147896,40.7239726646
2000-09-21,7.79152205073,-7.11710484588,9.09377844888,40.9705963671
2000-09-22,8.76400907011,-7.78078056335,8.89842201836,41.3952172727
2000-09-23,8.51814747052,-6.97397397256,10.0924183401,41.9852335251
2000-09-24,6.88762246464,-7.76776187109,10.337994423,40.8832137365
2000-09-25,6.17509673868,-7.34448562894,9.90660608206,39.4038107504
2000-09-26,7.22114534675,-7.04843015704,9.67494029886,37.2527507696
2000-09-27,7.37973107599,-7.27319849452,8.66840343821,36.1388183602
2000-09-28,7.13634344029,-7.88544096816,9.01829288104,36.7600026355
2000-09-29,7.93596480936,-7.14193907773,9.72507835204,35.2184878475
2000-09-30,9.88700572196,-6.27177255945,11.2829082555,34.3728650512
2000-10-01,10.3157593073,-6.23805681928,10.8990054999,33.6803861837
2000-10-02,10.3967980727,-7.99040639943,12.3942062768,34.6277332898
2000-10-03,9.23900701218,-6.03880960981,13.6547240843,33.9268784781
2000-10-04,9.3913108386,-7.31381027399,15.3318811622,34.4036699878
2000-10-05,7.7382865224,-8.41118647672,15.4866097254,33.9744296668
2000-10-06,9.06956242631,-8.26906828128,15.6897597778,34.181704629
2000-10-07,7.19831583488,-7.32709296526,14.7032058471,34.164079873
2000-10-08,7.46556882755,-7.83850306044,15.4363855816,33.8247294417
2000-10-09,6.8450540208,-8.63120101997,17.3256422018,33.0011167023
2000-10-10,7.7649817921,-7.40375226691,17.6309425467,32.1492072104
2000-10-11,7.11613238203,-5.91120184773,17.1071488705,32.8411404661
2000-10-12,6.99613853909,-7.60286608333,16.9505959687,31.7126568918
2000-10-13,7.48871616056,-7.38030450951,17.3990004558,31.7627219359
2000-10-14,8.62072050238,-7.61684679763,15.7000117757,33.0068116161
2000-10-15,8.64177944887,-6.83205139446,16.3982341732,33.0916562152
2000-10-16,8.60080529589,-7.46990813211,17.0930094196,32.8184410329
2000-10-17,7.90961943805,-7.46017638822,17.285399919,33.1640191209
2000-10-18,6.8140120904,-9.74100932933,15.816468544,32.1677237729
2000-10-19,6.18079067922,-8.46661290189,15.3932582904,34.3530537732
2000-10-20,6.04064873879,-7.80065446131,15.9725519805,35.0268369998
2000-10-21,6.03089010145,-6.95997047037,14.771319406,35.3056319773
2000-10-22,6.93089768374,-5.78457697498,16.5916430801,35.860796519
2000-10-23,6.30927295454,-7.5349948393,16.4475162712,35.7109542203
2000-10-24,4.76748360928,-7.40836038356,18.1403821846,32.9807571515
2000-10-25,5.37232473776,-7.64060821358,17.848617321,34.8000829274
2000-10-26,6.82435702097,-8.1525435001,18.2746723281,34.5495582898
2000-10-27,5.34720860082,-7.5291719478,18.0389261744,35.9792019479
2000-10-28,4.66657593899,-7.71385701035,19.1065113072,34.9992110212
2000-10-29,4.03883819215,-6.40663636837,19.7180814971,34.9410817698
2000-10-30,1.93666793846,-7.29811066374,18.7715008324,35.4553783197
2000-10-31,2.49922089957,-5.87731280768,16.9086429361,33.731033029
2000-11-01,1.81295128883,-3.76307197477,16.756812978,35.3973046392
2000-11-02,1.98193705924,-2.46270511193,17.67467765,35.650509404
2000-11-03,3.2029042523,-3.78234616182,18.0549636954,33.6755816401
2000-11-04,2.76311771953,-3.33081065941,17.7242996563,34.2313147341
2000-11-05,1.51253024156,-3.33549766155,18.7829318999,34.9131807826
2000-11-06,1.96802416258,-3.08537610016,17.6052312259,34.2042221167
2000-11-07,2.45813608737,-3.4381139422,16.5509265955,35.223571629
2000-11-08,2.65409140555,-4.48062374313,18.1168450671,34.8451802621
2000-11-09,2.57038948124,-2.88459546032,18.9267283034,35.8273421131
2000-11-10,3.87380450854,-4.57148995261,19.0617780689,36.4613789009
2000-11-11,3.73064141545,-3.03324126747,20.5569501667,36.458122305
2000-11-12,3.44069183401,-3.43212583782,20.2636258032,36.6881473312
2000-11-13,3.8352534306,-3.86594734073,20.0503602201,37.727982978
2000-11-14,1.90047123262,-4.22686128899,19.7436212813,38.2592860067
2000-11-15,2.99969020977,-5.37785914063,20.600489586,38.1092031152
2000-11-16,2.88271851539,-5.10410846567,18.6831902072,38.6246668593
2000-11-17,3.34433219704,-5.85474027205,17.6050374509,38.9268221148
2000-11-18,4.59492341469,-5.63228576787,16.2110453873,39.0133506786
2000-11-19,4.67374342866,-6.71407213041,16.0216173569,38.263741039
2000-11-20,6.19582754521,-5.75968430367,15.3976671097,38.0873880875
2000-11-21,6.57079271297,-4.82229519963,14.6211148661,36.3070559029
2000-11-22,7.66037026138,-5.7443802614,14.8911984871,36.260339602
2000-11-23,8.61413661667,-5.0190060671,14.7805513312,37.2194006898
2000-11-24,8.89692117302,-5.99252524475,15.5455011975,38.1027114843
2000-11-25,8.09301834231,-6.20488817459,14.9864580417,37.1662911724
2000-11-26,7.80138543608,-4.41384089474,14.2781867308,36.9884574918
2000-11-27,7.93627259196,-3.64052104797,15.5979035026,37.5310070184
2000-11-28,7.41017341928,-6.08271643124,15.8844452342,38.3325628685
2000-11-29,5.18246891017,-6.15865150733,17.2999509918,37.3455144418
2000-11-30,6.66886607216,-7.22688095868,17.9321929496,36.9586275336
2000-12-01,7.48861748277,-7.53423122169,18.5884298516,38.2599690527
2000-12-02,8.90325830453,-5.40183708543,18.7508773594,37.6694386652
2000-12-03,10.1070771216,-5.41051318795,19.530031892,37.9491960641
2000-12-04,10.0162930444,-7.98866991911,19.8267656204,38.4639140081
2000-12-05,9.18259976058,-8.12056885278,19.3080535729,38.0922046145
2000-12-06,8.85055056708,-8.73380050108,18.9144079811,39.1458081783
2000-12-07,7.92133413248,-9.51150584359,18.3774213418,38.0434579814
2000-12-08,6.48149161421,-9.13118063236,18.3585070019,37.1540619539
2000-12-09,6.52066153053,-8.90426209591,19.2922145039,36.956990111
2000-12-10,5.1688222266,-9.82764761079,18.7918421162,36.9543278398
2000-12-11,3.56959814321,-8.42349493662,19.1972416983,38.9507824111
2000-12-12,2.62375930045,-8.48335086695,19.3582909886,38.382840723
2000-12-13,3.23488308388,-9.39892026295,20.2300442591,37.5707023018
2000-12-14,3.80273384551,-8.86610072161,20.1153864627,37.4127750109
2000-12-15,4.60637773292,-10.2296522638,20.1196875552,36.5947739566
2000-12-16,2.8148936951,-9.5659897563,20.6004476895,36.8609834724
2000-12-17,2.66592889636,-9.26172576814,19.6825478787,34.0552236828
2000-12-18,1.32647330998,-10.8912933469,20.1985218172,34.0716698203
2000-12-19,1.72354022788,-10.2324297101,19.3878989531,33.3098297207
2000-12-20,2.08215939313,-8.84960179396,19.8634789415,33.9101360774
2000-12-21,1.8282553233,-9.53334201424,18.577194864,34.1132468837
2000-12-22,1.03123616584,-8.90297767726,18.593017375,34.9163043835
2000-12-23,0.486992064168,-9.22929281617,20.0324068746,34.268483468
2000-12-24,-0.658053438141,-9.51995553996,17.8680180335,34.5545134919
2000-12-25,-1.3554924782,-9.16058593253,17.8971551449,33.5815282644
2000-12-26,-0.348518828194,-8.5993693083,16.0269531538,34.3104780411
2000-12-27,-3.66613823696,-8.75187847173,14.3063136666,32.4754866708
2000-12-28,-3.92052478289,-8.19464610121,12.959607638,33.0223671679
2000-12-29,-4.19896542014,-7.84662888831,13.3304411514,34.45449268
2000-12-30,-3.35567071668,-7.5159407378,13.6788805234,32.7520507043
2000-12-31,-3.46771998147,-8.17473055243,14.1448967461,33.1648304947
2001-01-01,-5.2402012939,-7.87116940774,15.0487598885,32.1008080693
2001-01-02,-5.72042918033,-7.382327679,13.2565092078,31.4188871723
2001-01-03,-6.05526084782,-7.87890005061,13.515573119,32.1975382468
2001-01-04,-5.44071869326,-8.42745718956,14.4623704573,29.9428330825
2001-01-05,-3.20205190189,-6.16353410662,14.8827964934,31.211462924
2001-01-06,-2.14635290448,-5.68124389704,15.6246048673,32.268411174
2001-01-07,-2.06089336162,-5.681301,14.6287466435,32.8346579
2001-01-08,-1.01633085755,-7.38998435014,14.21286698,32.1119010157
2001-01-09,-1.87052404338,-7.79845924491,15.1431066861,31.8861419867
2001-01-10,-2.35546190848,-6.3461806211,14.974314595,31.3510583437
2001-01-11,-4.367716254,-6.57196254026,15.4194280381,32.4850317393
2001-01-12,-4.4200688699,-5.50621448923,16.4987701177,32.7462433616
2001-01-13,-2.67215904769,-4.46422053502,17.890253399,31.8111077264
2001-01-14,-2.39743451009,-3.67687673821,17.400981529,32.8687581598
2001-01-15,-3.20106987977,-3.81539785222,17.4468184581,31.5707413279
2001-01-16,-3.64189482307,-4.01662611819,18.1936787827,30.2976112287
2001-01-17,-3.62297715104,-4.65953737804,18.2783881979,29.2534343042
2001-01-18,-2.06818478669,-3.09911189249,18.2485209139,29.5687040697
2001-01-19,-1.5703439364,-0.476006548349,18.4996511491,31.1999669029
2001-01-20,-1.65213666201,-1.24721572634,17.252807143,31.2778020771
2001-01-21,-2.24096085028,-1.44503052724,15.691437434,30.9948523092
2001-01-22,-2.13662737722,-1.91327457307,16.9101479528,30.0365568101
2001-01-23,-2.72407557761,-2.97200737433,18.1682098093,29.4799422285
2001-01-24,-2.49252249511,-2.12553536223,16.1476795589,29.0521325345
2001-01-25,-2.74797358978,-2.29908712349,16.2280004622,28.508446644
2001-01-26,-3.29154500241,-1.51179355195,17.4322386815,29.2482176281
2001-01-27,-2.25072432047,-2.32476023454,18.6319264649,29.2791859238
2001-01-28,-0.778571424237,-2.5668972691,18.7984039001,29.9439103919
2001-01-29,0.0477919915506,-3.58904293127,18.0205924746,28.3029325121
2001-01-30,1.26843625316,-4.48468411159,17.1954669305,28.7626664588
2001-01-31,0.121976037142,-3.38055402446,16.9104629323,29.2937461928
2001-02-01,0.620355803044,-5.25105115165,14.8014183184,29.8667735605
2001-02-02,0.604453829015,-4.54959249288,14.9557434248,29.0016786539
2001-02-03,2.58005624804,-4.63514696589,15.1676502593,28.9914060782
2001-02-04,2.12452842846,-4.51139987071,16.2480554955,30.2021114467
2001-02-05,1.63305981396,-3.91590841792,16.3361807668,28.4014748676
2001-02-06,2.38793464345,-4.76195188036,17.7519404566,29.3394051829
2001-02-07,2.34127257497,-6.34315646342,17.7787384095,30.5924231736
2001-02-08,2.65700594607,-7.15684067596,18.8148920609,31.4950520228
2001-02-09,2.3378671297,-6.7793334602,19.9801552621,31.0216025047
2001-02-10,2.43734380861,-8.3641657456,20.9608886067,29.852133543
2001-02-11,3.66901145948,-8.97078338621,19.8871445434,29.1942699549
2001-02-12,2.06437168988,-8.1492059995,20.0858913697,30.1450347549
2001-02-13,4.07589556579,-7.74965859148,21.1820123589,30.9082623236
2001-02-14,4.95057334119,-6.58994624966,20.4409597948,31.2015539372
2001-02-15,3.87321369222,-6.95346013245,21.3959377676,31.3674190296
2001-02-16,2.38982579066,-6.06187642114,21.8923504266,30.9112000048
2001-02-17,4.71847539356,-5.44354889482,23.4538307859,29.8036262273
2001-02-18,5.10713831299,-5.77989915499,24.431279628,30.9782515717
2001-02-19,3.44120998242,-5.01863484321,25.1964361949,30.5866873796
2001-02-20,3.52243548714,-4.46279881626,24.9506756167,30.9869961692
2001-02-21,3.54286618261,-5.62530176638,25.8258600609,31.6041384905
2001-02-22,3.71523406601,-4.71883240695,26.4324179656,30.7694659379
2001-02-23,4.15149249863,-7.2243613127,26.3550866004,29.7109576038
2001-02-24,4.28296385563,-8.3760578957,27.1667620337,31.5466787177
2001-02-25,5.25276711944,-8.29408244114,26.5208044015,31.317892296
2001-02-26,5.48900735754,-6.63848174248,25.7448877792,32.6272950145
2001-02-27,6.13944252874,-7.97302965333,26.5247063842,32.4518668135
2001-02-28,6.20846707194,-6.78320478203,26.8287528179,31.7251349104
2001-03-01,7.97584744929,-6.96477642283,26.0554380857,31.6743405718
2001-03-02,8.5773579235,-5.75519593502,26.1181845773,33.2572237342
2001-03-03,6.83353425813,-5.34905942514,25.729530521,31.6750556099
2001-03-04,8.01553126888,-5.6761236715,25.9327443204,31.1757261223
2001-03-05,9.37196959701,-4.68372212519,25.2812593713,31.9501983365
2001-03-06,10.3970723885,-5.59578381668,25.9496913603,33.4079826915
2001-03-07,9.54174059447,-5.83824853552,24.0810993696,34.8773935039
2001-03-08,8.59525777259,-4.1595401438,25.057978922,33.9612755105
2001-03-09,8.50357818955,-5.18246993081,23.4231240307,34.4996495994
2001-03-10,9.43633481599,-6.09925975957,23.23435855,33.8742993725
2001-03-11,10.9759764691,-5.0287406093,24.0100361238,32.742668116
2001-03-12,11.6580464628,-4.51041310105,24.4669148309,31.5169841791
2001-03-13,12.7956568131,-6.79509954083,26.1936147308,32.4840568888
2001-03-14,12.7954366232,-7.46136939653,26.5057388449,32.9339119683
2001-03-15,13.5587719633,-6.9578664754,24.6858068834,31.7227045692
2001-03-16,12.7604199301,-6.97551901593,24.1937301981,32.1637050267
2001-03-17,12.7497631588,-7.65691433104,25.1495944027,29.9920975366
2001-03-18,15.0442878293,-8.66955757848,23.6090599073,30.4927390696
2001-03-19,14.97633896,-9.82036751316,24.2265431534,29.4786042412
2001-03-20,14.1827098509,-11.5138485126,25.8694133213,30.1720418009
2001-03-21,15.4155548623,-10.8398726089,25.033754332,30.7637082179
2001-03-22,15.1574406436,-11.1430364571,27.2526145557,31.5580342006
2001-03-23,12.8252802984,-10.97977404,26.7417829596,31.9177424698
2001-03-24,13.1772519869,-10.3486571551,26.9047213269,30.7644132607
2001-03-25,13.8311001481,-9.87446559658,25.4379306395,31.9023679938
2001-03-26,13.8325761428,-8.24581508235,26.0481224927,33.2785290505
2001-03-27,13.5347011359,-8.41993276944,26.4321951005,31.9418888168
2001-03-28,12.0440309648,-9.11587174989,25.8501033969,33.0636575446
2001-03-29,12.9663946833,-8.68111378638,26.9479231004,32.3823783653
2001-03-30,11.3817634717,-7.94986351065,28.2409262873,31.8399369324
2001-03-31,12.5758889515,-7.19462102609,29.9501973966,31.8078696682
2001-04-01,13.1233349035,-6.48883168264,29.7022424727,31.5238698921
2001-04-02,12.5785758703,-6.65013153266,29.1855914601,31.6089083315
2001-04-03,13.2905129631,-6.91547239773,29.7196962311,32.609876757
2001-04-04,14.2227874257,-5.54695419183,30.3683900705,32.936427044
2001-04-05,14.3178215983,-5.24835658988,31.7418681021,32.8047550189
2001-04-06,14.6609657318,-2.91785463625,32.767743342,32.9379448476
2001-04-07,14.550830733,-0.71021420887,34.1745568517,30.9184892349
2001-04-08,15.3632916787,-0.51858473183,35.1570249744,29.5310066211
2001-04-09,14.1393380888,-0.0600520036371,35.1148802202,30.5440861568
2001-04-10,13.8577029065,0.390520346605,35.9812173593,28.9180921271
2001-04-11,14.0108231419,0.0593962114592,36.6005726504,27.8669137532
2001-04-12,12.9752820068,0.295418247894,36.2455980753,26.3891630364
2001-04-13,11.614602833,1.21934574681,37.5136927378,23.5295244002
2001-04-14,12.2417801093,-1.04405904913,37.8939340483,23.9117160489
2001-04-15,12.7842606836,-0.687909640023,38.3945825588,22.5969239494
2001-04-16,13.2070554144,-1.10276381276,40.0208942878,24.2121486257
2001-04-17,11.9157286285,-2.08055804994,40.4280081308,24.3305874533
2001-04-18,10.6145588413,-2.627025194,40.9222262791,26.2320759043
2001-04-19,7.95865720751,-3.8819508047,40.4510514691,25.3939879727
2001-04-20,8.13937389362,-2.83408544621,40.7608804907,24.3121808442
2001-04-21,10.3345458416,-2.68309041546,40.3459836687,24.1470826195
2001-04-22,10.2735609575,-3.70049743595,39.486619249,24.1878356913
2001-04-23,9.48274370482,-3.6917887623,38.6262470286,24.6423569912
2001-04-24,9.26775863066,-1.95026457084,39.0912774642,26.8833300329
2001-04-25,10.1495662412,-1.00621634795,38.021035971,27.679277126
2001-04-26,10.1521704901,-1.56223148144,37.4205117433,27.874892757
2001-04-27,9.22322838645,0.57519354523,37.2977855958,26.6780106199
2001-04-28,8.98267472873,1.44257349936,36.4461995389,25.1162405234
2001-04-29,8.61653856749,2.14364193664,37.6630716732,25.3592581385
2001-04-30,8.94440172859,0.682676807426,36.9464755159,24.7161117975
2001-05-01,9.89399854462,0.599536763607,35.9286969399,24.067668935
2001-05-02,9.96538462614,-0.334487221666,35.9548878558,23.5934059444
2001-05-03,8.88285104308,-0.835849154032,35.1320506905,24.645138711
2001-05-04,8.26094250859,-1.9808390426,33.2266874605,24.9748749289
2001-05-05,8.93602790667,-1.58679317617,31.6426657408,25.9168095616
2001-05-06,8.92416127044,-1.31470196241,32.3743390081,26.3856849421
2001-05-07,9.96311105824,-1.08981036699,33.9306548957,25.8656958986
2001-05-08,9.8871693155,-0.22549571492,34.7526247078,25.5406701045
2001-05-09,10.5246248021,1.89997693882,36.3178014094,26.0362851559
2001-05-10,9.94697550544,0.927679768663,37.4222157471,26.5176207421
2001-05-11,9.80133427367,0.818081845705,37.4679644398,27.3760919124
2001-05-12,10.0968727895,1.80239043657,36.8099313085,27.3209431801
2001-05-13,10.9238734519,1.40147413766,36.9003008692,25.8738153038
2001-05-14,11.8475557961,-0.927697112736,37.0424140242,27.173269947
2001-05-15,11.6328874451,-1.24306605959,36.8527207303,27.1483015863
2001-05-16,11.1475884518,-0.755025236295,35.4122535903,26.5389381331
2001-05-17,12.1615686281,-0.643566723281,35.0943379033,26.9620568969
2001-05-18,13.5004627708,-1.38023765245,35.8561224517,26.6524178618
2001-05-19,12.6670769774,-2.6444293624,34.10340003,28.6919873001
2001-05-20,12.4150044719,-3.50633479516,32.125461706,27.0043126783
2001-05-21,13.514488285,-2.7003225111,31.4169515318,27.9137867636
2001-05-22,14.9680367304,-2.43809161922,31.4943655248,27.2951890403
2001-05-23,15.1846701614,-3.13687508486,31.0925225777,27.1775247234
2001-05-24,13.9138813865,-1.58240841788,31.3049839428,27.8117172708
2001-05-25,11.7778292863,-0.688816289201,31.3771300607,27.3495685248
2001-05-26,11.9761625648,-1.53002436817,28.7949504038,27.1501010159
2001-05-27,12.3060419924,-2.40203426632,27.975882841,28.1479541761
2001-05-28,12.340522136,-2.02488770652,28.3308851265,26.0459806176
2001-05-29,12.229716267,-2.29944129492,26.9613944693,27.4670911019
2001-05-30,12.4873986101,-1.79687069526,27.04238926,27.8747920227
2001-05-31,13.6174840328,-0.818895614624,26.6931581679,26.404180262
2001-06-01,12.4142840841,-2.43714878159,28.0115755955,25.3543578468
2001-06-02,11.9201797074,-4.24703394153,30.6456019505,26.2630443132
2001-06-03,9.21566021382,-5.74344879055,31.1146046399,28.1316766441
2001-06-04,9.14717453758,-4.67589257028,32.216574001,29.9029276704
2001-06-05,11.2062792319,-3.4419267844,31.7172788033,30.2139363542
2001-06-06,11.3099559763,-3.46862357132,32.3050464638,31.1545029291
2001-06-07,11.1639252334,-2.98609506336,31.0245117992,30.2217481309
2001-06-08,10.4395410229,-2.06062536499,30.7999557904,31.1938484358
2001-06-09,10.2593937113,-0.0633549605484,30.1736427386,30.8987119166
2001-06-10,8.32764687187,0.354294073976,28.4484081427,31.8069175697
2001-06-11,8.29620056167,-0.255301847815,26.4685916637,32.4973061604
2001-06-12,8.87507486116,0.209310042769,27.0764759024,33.3527067246
2001-06-13,9.19835398798,-0.319934546417,26.7928710985,32.1117768037
2001-06-14,8.05084810085,0.776721306909,25.8809025326,32.7391850964
2001-06-15,8.06570594821,1.38798649647,25.439968886,29.9228285468
2001-06-16,8.29236903162,1.30425200226,24.8738339934,29.6110882591
2001-06-17,6.8917142367,1.37421185047,26.028037279,28.631701314
2001-06-18,7.9191877069,0.315949560795,24.7431488817,28.7065250118
2001-06-19,9.67444419836,-1.13673597381,25.5923932042,28.3530096853
2001-06-20,10.2264960978,-2.01421766665,25.3165261031,28.7030158158
2001-06-21,11.1613245398,-2.32624536788,24.9056161111,28.6140272321
2001-06-22,12.2941663399,-1.55048656017,26.6335463392,30.381010176
2001-06-23,12.2757403549,-0.817950721231,26.102099919,30.9167507242
2001-06-24,12.2833458384,-0.895156871348,25.9388228259,31.0593827241
2001-06-25,11.5842438912,-0.538823812308,25.2839443155,32.2327358169
2001-06-26,11.0754118785,-0.00221770096785,24.5004671718,31.3065106506
2001-06-27,10.7289592962,-0.207759479781,22.5967890479,32.1117684068
2001-06-28,8.91585337742,0.730908950319,23.0344127874,32.2013930837
2001-06-29,8.56289911821,0.465986275183,23.0309003279,32.3445563649
2001-06-30,8.08897025629,-0.193999032545,23.588502568,31.4669910966
2001-07-01,6.3496664543,-0.391264415748,24.0886598408,31.8001560946
2001-07-02,6.68666048407,0.0234579407482,25.4920264628,31.8633246903
2001-07-03,5.77360580071,0.0908463612885,25.1475354679,33.6318302537
2001-07-04,6.55570013391,0.392002139252,25.1108814671,34.8478268775
2001-07-05,7.25468089134,-0.37370913125,24.4953835635,34.9107102822
2001-07-06,6.7189308212,-1.09299502899,25.3779326688,34.132383578
2001-07-07,6.24507655053,0.906684962591,25.2911766466,34.1651909463
2001-07-08,5.24723779223,0.742607716037,25.40148699,34.3488629594
2001-07-09,3.31131419313,0.388133749135,24.4656536699,34.7270599614
2001-07-10,2.34362469089,-0.130431209327,24.9083666461,34.3003431476
2001-07-11,4.91564751171,-0.0397405236635,24.4039184866,35.2999612374
2001-07-12,4.65650599818,-0.164229673676,22.9472084028,35.4618138127
2001-07-13,3.87391777626,-0.965408864427,24.4314264099,36.0382351379
2001-07-14,4.27707749963,-0.31627513248,24.0028552799,36.4056876644
2001-07-15,3.39244870376,0.536017660592,24.7438981396,37.6510190703
2001-07-16,3.91169623078,1.38927704513,24.8999121729,39.0152058669
2001-07-17,6.5900639392,1.94800732963,26.2796147801,38.5045491219
2001-07-18,5.33029668169,2.23702707748,27.2427457229,37.6175019126
2001-07-19,5.15420365993,2.44687601707,24.6127884954,38.3070200221
2001-07-20,7.04096218502,1.96140614484,24.8585780332,36.3111096848
2001-07-21,5.88933842303,2.96454739426,23.1443948375,34.5889492133
2001-07-22,6.02018283738,3.0496536352,22.7641475985,34.678548959
2001-07-23,6.16849352146,3.89987592235,22.042274141,34.8861636075
2001-07-24,8.13660634142,5.01997747666,22.038124973,36.3884215753
2001-07-25,8.57977004507,2.98755890269,20.8468975712,38.5981084497
2001-07-26,8.27455192513,3.72491014074,19.1787255233,37.9086752685
2001-07-27,6.45837117118,6.0323174559,19.2484367711,36.5881922578
2001-07-28,6.60886866657,5.82346332252,19.1429873581,37.2064832107
2001-07-29,7.33604515684,6.06602585444,20.8915995313,36.0276138004
2001-07-30,7.46102507016,6.41288690075,21.601599281,36.1301549045
2001-07-31,7.33372169832,6.35783321556,21.4274231917,34.4210499184
2001-08-01,9.03424762204,6.59670905443,22.0677091905,34.2155506922
2001-08-02,8.92641440154,6.56660288622,23.7691937155,33.9224096865
2001-08-03,8.75498400133,4.9061300991,22.3110774735,33.51419144
2001-08-04,8.69219054812,4.2994397218,20.5584104975,32.8368936172
2001-08-05,9.83221529256,4.90955318126,20.4040675726,31.2835637457
2001-08-06,10.0953349798,4.93192831285,22.1236282529,31.1855078315
2001-08-07,11.2591400357,4.93833684685,21.0294375765,31.6442688575
2001-08-08,10.9058342526,5.66224838936,21.0084456119,30.9851229394
2001-08-09,9.33005155975,6.99441353779,20.0130043935,31.4146227125
2001-08-10,10.003146672,7.37263295638,20.5046386334,31.9377956789
2001-08-11,10.7518783368,5.09063637161,20.0346911814,31.2922207431
2001-08-12,10.3812509766,5.2705826604,21.0248369893,30.5676035639
2001-08-13,10.2259104606,4.13548737096,20.9358509481,30.8279885001
2001-08-14,11.4334650103,5.50178253454,22.3042510421,28.9914956259
2001-08-15,11.5892293516,5.30815621465,22.7109435152,29.1751693786
2001-08-16,10.890070824,5.50150104957,21.2379441946,29.5462534072
2001-08-17,12.0343194241,6.76647538488,19.3189682602,28.8651249529
2001-08-18,13.2718392675,5.61332547923,22.1455953459,28.8112244756
2001-08-19,11.4577430724,5.89294638224,23.424814623,29.282571842
2001-08-20,13.2620598167,4.43838544946,24.5035967823,30.8128427998
2001-08-21,11.6940437859,6.33336314557,25.0335184007,31.2141068268
2001-08-22,13.430481337,6.81721216796,26.3719243041,31.2563813933
2001-08-23,12.4772769759,6.17744946343,25.6226581614,29.9713179758
2001-08-24,13.2137732849,7.00354802057,24.8609831361,28.7663095976
2001-08-25,11.9727346869,7.5410429435,24.1429961981,27.7743958741
2001-08-26,11.3927037378,6.66358407275,22.9985543449,28.1009147934
2001-08-27,10.1038765538,6.29962458868,21.8986023217,26.7289094531
2001-08-28,10.0876770471,6.98639768634,23.351377498,27.1104309612
2001-08-29,10.2773738717,6.40633763949,21.8131728529,28.0287818541
2001-08-30,8.15795833952,8.55885281818,21.0345462959,27.0412476169
2001-08-31,8.57983216529,8.5792770026,21.4344483294,27.51675411
2001-09-01,9.63594109466,11.3369521877,20.2555235978,26.6916198442
2001-09-02,10.5944370677,11.4909398841,18.4647288839,27.4884649475
2001-09-03,10.0555140129,9.79312881694,18.3980607056,27.3488945703
2001-09-04,10.6937697175,10.5417398914,17.6513559382,25.9148026681
2001-09-05,10.536309034,9.54028904558,17.9027819583,26.0776308943
2001-09-06,9.85801739198,11.803738699,18.5886064141,25.1612934988
2001-09-07,10.2771243692,10.808619245,19.819090716,26.2372123641
2001-09-08,10.1515652234,11.8419756076,21.0614825502,26.6755797825
2001-09-09,9.41120079467,11.63675433,21.7298539387,26.5282887079
2001-09-10,11.0541304795,12.7977802859,20.9034165088,28.4906260126
2001-09-11,11.0868505145,13.5686730636,20.5885786229,29.5396405284
2001-09-12,11.7053043997,13.9095431788,21.0123627314,30.1256311409
2001-09-13,12.6177847182,14.9194472796,21.0555633103,30.7285498757
2001-09-14,11.8669177234,14.5500329763,20.7592772355,31.951674178
2001-09-15,10.0967664349,15.152551511,17.4918812641,31.2685989682
2001-09-16,10.1333506755,14.6053791723,18.4212579457,30.8210406536
2001-09-17,12.6639626602,15.1049554103,17.2713169106,31.6978124364
2001-09-18,12.9751157808,13.4804430924,18.3401279424,30.9537191766
2001-09-19,12.5277221041,13.238720394,19.1689484983,30.7863044013
2001-09-20,12.1934188055,14.4904662918,18.8994081837,30.5142845284
2001-09-21,11.0782149077,14.020256572,18.9945776721,29.1715186759
2001-09-22,11.5185953595,13.7701316985,19.6046062047,28.9910604194
2001-09-23,10.7950203436,14.0962242375,19.9865273715,28.3579867923
2001-09-24,11.4481340287,13.4610530417,21.1362485422,27.6950861579
2001-09-25,11.5422924681,14.9527265359,21.6033050264,28.506107095
2001-09-26,12.2896687955,13.2042896371,23.2447181631,28.5659657471
2001-09-27,12.0437873885,13.6044576797,22.8725972419,29.216731743
2001-09-28,10.8116304175,12.4392903528,25.2766429735,28.1969261319
2001-09-29,9.79330779207,12.5264083738,26.2653352431,29.2009300511
2001-09-30,11.0564424502,11.3468568882,25.8272440041,30.977676589
2001-10-01,10.5290665853,12.6034595273,25.6788075461,30.6389331283
2001-10-02,10.3543228936,12.9569760041,24.6202771461,31.8485685739
2001-10-03,8.69632813154,11.4382326587,24.545455109,32.2545093575
2001-10-04,8.70955236762,11.8627222058,24.235356709,31.7887562985
2001-10-05,8.60000873275,10.939032333,23.3897256001,34.1841507645
2001-10-06,7.60088109038,10.5338488487,23.2147003774,35.5907145262
2001-10-07,8.47591110894,11.2748280553,23.7465806795,37.6245476004
2001-10-08,7.74370517075,11.723161989,24.0037707794,37.765111114
2001-10-09,8.17486597428,10.23833405,23.9087680246,38.103076191
2001-10-10,8.20632252721,9.10044326353,23.1011401655,39.1099234665
2001-10-11,8.02130698768,9.46477505521,23.1637424321,39.4273878259
2001-10-12,8.78689066098,8.10640616843,23.6884021383,40.134463681
2001-10-13,9.07425611971,7.56633224319,24.6451365734,39.7025399431
2001-10-14,8.59691029244,7.97985045763,23.6061380618,38.5198529151
2001-10-15,8.31567002897,7.90336260213,24.6493970679,38.7035311575
2001-10-16,8.88292641611,7.47039309197,23.9973982977,38.1560363644
2001-10-17,8.45261197682,7.68865766075,24.1468237326,36.9252471599
2001-10-18,8.8131439233,8.53381935613,24.967301956,36.0734669143
2001-10-19,9.7707415676,7.78757955992,25.1219799379,35.5695337213
2001-10-20,8.50650011541,6.40192733846,25.1162043362,33.9493147124
2001-10-21,8.12216626083,6.74259467827,25.8291475849,32.931530956
2001-10-22,7.80676393099,6.8199259356,24.7927967365,32.5832813148
2001-10-23,8.53492932374,8.39939194887,24.3221477507,30.8667496926
2001-10-24,8.57197304925,7.9321806973,24.9723256133,31.3698044927
2001-10-25,7.9049818767,6.89066437741,24.9515355663,31.4022256913
2001-10-26,8.76003525411,7.91369425114,25.4706326167,33.0078139075
2001-10-27,10.0335957659,8.39744278119,26.8833421426,34.4152116829
2001-10-28,10.7894598422,9.69370678852,25.2246863198,34.6357442493
2001-10-29,12.9460709579,9.062602988,23.7633025284,34.4169204362
2001-10-30,11.8848533851,10.1155677945,23.4729043607,33.7460340183
2001-10-31,12.4153950419,9.35985225259,23.1603395715,33.5252838909
2001-11-01,11.3781314451,9.32418006837,23.8363428231,31.7877063058
2001-11-02,9.39321617003,7.74362314547,23.8387127663,31.7496972578
2001-11-03,8.27851604043,7.0542074409,24.0337718583,32.3572750512
2001-11-04,9.71500185407,6.72798361808,23.5760819454,32.4276579454
2001-11-05,10.6011217489,5.9697022631,23.2680268381,32.2350277161
2001-11-06,9.72406446318,5.0420411433,22.2808329815,30.8815265077
2001-11-07,9.5109496434,5.91928192091,22.8708850593,30.7557030837
2001-11-08,10.1269015838,7.57643042816,25.4285255749,29.8042348766
2001-11-09,8.35447234441,6.4969340169,24.1753406518,29.6548950757
2001-11-10,8.03978500314,5.06531235362,24.1350135529,29.4431502482
2001-11-11,8.41677536886,5.54007362406,24.580328068,29.2777318776
2001-11-12,6.81638747007,6.62375639548,24.3727078273,29.1715339379
2001-11-13,5.14120316233,5.8231954836,23.0736170142,28.7838580176
2001-11-14,4.63340429777,4.99615149415,22.5798333208,29.8273224026
2001-11-15,3.91216709879,5.01799223498,22.1617582463,30.2653941507
2001-11-16,3.6321110086,5.70892718442,22.8460159835,31.6515550969
2001-11-17,5.43920034062,5.3626703932,23.688374979,32.2756556441
2001-11-18,7.2811606626,7.44248803497,23.081391866,32.0585260443
2001-11-19,8.79722662024,8.31449060567,23.215291315,31.5208897827
2001-11-20,8.37131415792,7.77284811424,23.4674961503,30.8935483057
2001-11-21,8.66394658475,6.40672436548,24.1135008534,32.0689726997
2001-11-22,8.94044736439,6.57527160998,22.9067324638,32.69838093
2001-11-23,8.27955722394,6.14941314898,23.9621851093,33.7540000311
2001-11-24,8.3756927317,4.83637795735,22.4228480078,34.9348951116
2001-11-25,7.72263290311,3.90291740342,20.8781156181,33.3794065122
2001-11-26,7.98140626094,3.12761016842,22.2024643109,32.4325127346
2001-11-27,8.0250098446,3.82704237234,23.3856240625,34.705614302
2001-11-28,8.48576629209,3.97030618167,23.4206491882,35.7010623544
2001-11-29,10.1944157952,3.40196192585,22.2840866875,36.287141073
2001-11-30,11.5976636176,1.78523245452,23.2435225062,37.0927460618
2001-12-01,10.984454963,0.382138837395,23.1754984169,38.3577234695
2001-12-02,10.6096660109,-1.26796366662,23.5252110486,39.1096303806
2001-12-03,10.85772408,-1.68216825122,23.5077596513,38.4362558043
2001-12-04,11.6331658522,-2.31592465203,23.3079186164,39.238768253
2001-12-05,12.138544046,-1.2184470751,23.0426802254,39.317978237
2001-12-06,10.7510445228,-0.352219304943,22.806033015,39.0926925856
2001-12-07,10.9218173644,-2.43105605023,22.5687393838,39.5059208168
2001-12-08,10.6992853072,-3.04277301321,21.0085658975,38.3827703233
2001-12-09,9.32825667922,-3.72475225828,20.9290700832,39.0159429001
2001-12-10,9.24548620359,-4.59344959098,20.5731405443,39.0479975809
2001-12-11,9.59632458259,-6.05473283667,19.9380112869,36.8988360144
2001-12-12,11.8432575704,-5.35162574977,21.4033350199,37.0237139136
2001-12-13,12.1189949713,-6.30591173906,22.3117079035,37.0470403296
2001-12-14,13.073821133,-7.05240304053,21.8485835086,36.4627172726
2001-12-15,12.2206483812,-8.00301805257,20.8777298551,35.6273274252
2001-12-16,11.996138532,-8.81850354972,21.9266783523,35.5239969735
2001-12-17,10.8301425053,-6.00623662483,21.0133827115,36.442974912
2001-12-18,11.2962040073,-4.41782091818,19.8856326928,36.1896418159
2001-12-19,11.0781579401,-4.35632683901,19.9071895175,35.1222555617
2001-12-20,10.4584681504,-5.01441183249,20.6833035784,34.2630608947
2001-12-21,11.3946949579,-4.36127904216,18.7092125129,32.4350397386
2001-12-22,13.5971161497,-4.6686689663,18.8092819787,32.5847220671
2001-12-23,13.5525506979,-4.39244881253,20.8452245575,31.5873573486
2001-12-24,14.4370490458,-3.85305714295,21.157043146,31.2367054976
2001-12-25,15.4914909209,-3.12850665446,20.8458848047,30.9176077085
2001-12-26,16.7713406643,-3.53509318539,21.8037360858,30.970305482
2001-12-27,16.7347058826,-1.69062241552,22.8587994032,30.4677438454
2001-12-28,17.7890831328,-2.20640385575,22.77789463,30.420672838
2001-12-29,19.7667586086,-1.40614408208,21.1398915069,30.6081782774
2001-12-30,20.8879535813,-1.13061637631,21.8163566156,30.4127736461
2001-12-31,20.2103421488,-1.99208481474,21.6785826447,28.8446517459
2002-01-01,20.4378886103,-1.78383199347,21.8957950439,29.0405970585
2002-01-02,21.3261744934,-3.18964866507,22.8316634255,27.8456034224
2002-01-03,20.6801466633,-3.41059773819,22.0655559509,27.7226447171
2002-01-04,19.0720550613,-4.02759090928,21.9846586177,26.6901449813
2002-01-05,18.8231534509,-3.13666353377,21.8500714514,27.1097920413
2002-01-06,16.0657033777,-4.21085571489,19.7779308689,26.7835074757
2002-01-07,16.1195366573,-3.7997055348,19.9672088856,26.2746583957
2002-01-08,16.5184407261,-4.50510585446,21.6657591692,28.6276511707
2002-01-09,16.2040815111,-5.96395988282,21.1511879,28.7660456126
2002-01-10,16.3899784846,-5.13887699726,20.9473734954,27.6787780146
2002-01-11,16.4186411361,-3.54555432623,21.6141242681,27.7633309308
2002-01-12,17.2973163169,-3.68599695701,21.8827195591,28.1077770927
2002-01-13,18.4178086747,-2.71159317712,23.4894967467,28.7014160957
2002-01-14,19.5712307674,-2.86692533526,23.7338682824,29.3774833916
2002-01-15,18.6051324246,-2.35798852863,23.5236180591,30.0890038377
2002-01-16,18.5288000706,-2.77197205794,24.1419536142,31.5895929107
2002-01-17,18.8083160097,-3.37469393203,24.0720474732,32.5256438911
2002-01-18,18.4007324629,-3.31628058242,23.8422450485,33.1017174538
2002-01-19,17.43077861,-2.83210772336,23.435048087,33.4661218746
2002-01-20,17.5677736603,-2.49817166683,23.5065985757,33.3795443508
2002-01-21,16.2696613287,-2.85824256647,23.6070337619,31.4786671589
2002-01-22,16.0333132461,-2.32468658937,23.3726342521,30.4799433856
2002-01-23,16.0660982739,-3.17427794963,23.0427031198,29.9839836713
2002-01-24,15.6329733635,-3.64715771385,22.862108401,30.1591408978
2002-01-25,16.608370434,-3.61421342198,20.1861578363,29.7993651526
2002-01-26,16.9471259149,-5.01274877197,20.428778109,26.4536395178
2002-01-27,15.815118041,-4.33675082711,19.3282035953,24.8370236556
2002-01-28,15.9737916037,-3.55672395919,19.0197570065,24.6387919299
2002-01-29,16.5753285012,-4.04479419255,21.5767192033,25.2869267853
2002-01-30,16.7965363657,-2.00943675016,22.4552577229,25.2799116604
2002-01-31,15.6801910034,-0.611096117825,21.3282155235,25.1956655582
2002-02-01,16.4375961928,-1.47386856558,22.2015055555,25.7520175241
2002-02-02,16.2161763182,-2.29009975227,23.2350636337,24.8577148938
2002-02-03,16.0143822717,-1.66792357219,23.1871790242,26.0107751146
2002-02-04,15.2126193442,0.393829682921,23.7885816798,24.8011048238
2002-02-05,15.9807428449,-1.63414905917,23.8465820254,25.7793048523
2002-02-06,17.7468096673,-4.76462264481,24.5849914247,25.3440884132
2002-02-07,17.8754158148,-5.606538754,22.6268785463,24.6806846092
2002-02-08,19.0621223629,-5.10835464514,22.9399045677,23.3143316444
2002-02-09,17.4071855833,-4.45458795655,21.9265095166,21.7239085443
2002-02-10,18.6589524745,-4.69132073879,22.0498500952,23.5880876575
2002-02-11,16.5297495881,-4.59388269974,20.8663635386,24.1537558553
2002-02-12,16.1939828088,-4.52654918709,20.3419099755,23.5951590335
2002-02-13,16.59856998,-4.04042960615,19.5151380127,22.7178428932
2002-02-14,14.9354849253,-5.07150746355,18.1705749178,23.6360159491
2002-02-15,15.1560295645,-5.14743309479,15.1870317226,24.5160056549
2002-02-16,14.7448228914,-5.1575567063,14.0421611289,23.9310428412
2002-02-17,14.0713265379,-4.89804144498,14.1010628318,23.664695014
2002-02-18,14.5894625017,-6.48503341173,13.9784687317,22.8184029983
2002-02-19,14.8271852429,-7.94223590216,13.179648085,22.2252667743
2002-02-20,14.6166465837,-8.54857050821,12.3126675493,22.0703022274
2002-02-21,15.1995744138,-9.09342014069,12.6945382442,22.1426545013
2002-02-22,14.8514883712,-8.36266779169,13.1551071785,21.8219645806
2002-02-23,13.9799676819,-7.98518970608,11.6401236792,21.4046381981
2002-02-24,14.4530670028,-7.4181381762,12.048580101,21.9372826553
2002-02-25,13.2620484094,-8.92845914721,12.9937959,23.3057227066
2002-02-26,13.2549985687,-9.27720262977,13.2875329969,23.8425528345
2002-02-27,13.1998538454,-10.0522203075,12.2925444863,23.6042274539
2002-02-28,11.810616652,-9.27622199135,12.4610332062,23.2646228132
2002-03-01,12.6608218486,-9.77637520797,11.0694932639,25.2820652884
2002-03-02,11.3312852742,-8.42600154838,11.1508303424,25.3810540088
2002-03-03,10.4929486696,-10.1748608358,9.47963569274,25.8907273867
2002-03-04,11.2471062329,-10.4969481529,9.05808043281,25.0582187549
2002-03-05,11.7450539987,-11.7630408363,8.29964864952,23.4397197554
2002-03-06,12.5288463563,-12.6151042754,8.69781937549,23.700552792
2002-03-07,12.0124940464,-12.3757186255,7.61998292075,23.5061043924
2002-03-08,11.49002706,-13.5382560514,8.53209888608,24.2126051994
2002-03-09,9.83152700445,-13.2948438043,9.47955806758,23.5126942581
2002-03-10,9.48836215004,-12.4070961831,10.4624064596,25.0911188317
2002-03-11,11.2749556151,-10.2534892747,9.25350640393,23.2449727498
2002-03-12,12.5185097433,-9.54060110723,10.591869659,23.8592969173
2002-03-13,13.1792747481,-10.6556645503,11.4196157644,21.9484178345
2002-03-14,12.3874572122,-9.10754564046,10.6750671549,20.9391229431
2002-03-15,13.0264419101,-10.7591462159,11.3030834503,20.5955692621
2002-03-16,13.7945451262,-11.3229114089,11.6039791941,21.3759580851
2002-03-17,13.8017779977,-12.3046243571,11.6612855751,21.3902607662
2002-03-18,14.3736963657,-13.3248764741,13.1875540886,21.9301348699
2002-03-19,14.7896462232,-13.2455485073,13.7105523945,24.2528390342
2002-03-20,15.059338512,-12.8529626542,14.6184203297,24.3244326138
2002-03-21,13.7703749648,-13.652037253,15.1560438851,23.7680027598
2002-03-22,13.4458154667,-13.9961032648,14.7478964012,21.7878157481
2002-03-23,12.8452710151,-13.7967148854,13.2047938727,21.3451796653
2002-03-24,12.6503734027,-13.8025001599,13.6468042433,21.9675081214
2002-03-25,11.319410889,-14.9672172713,14.6863865692,21.6989015438
2002-03-26,12.5774788304,-15.5223921282,14.9510927284,21.4415517587
2002-03-27,12.0339596089,-17.0819323865,13.9382092468,19.5472999012
2002-03-28,13.4780797064,-17.4153963477,13.9901366338,20.1111238541
2002-03-29,13.4404433493,-16.0222372024,13.9390491964,20.6173678102
2002-03-30,12.7493064924,-16.0261952371,14.3955435731,19.7376838941
2002-03-31,13.1611541266,-17.3637033675,15.5243179508,21.5067853315
2002-04-01,12.7885585942,-19.4611414787,17.0796774693,20.7735845991
2002-04-02,14.0705327972,-20.0817824719,16.287191057,21.8291485178
2002-04-03,12.4126343129,-21.9393026659,14.960224216,20.8158116113
2002-04-04,12.6737193117,-23.0836179468,14.0268384408,20.060244104
2002-04-05,11.4946858892,-22.9689044899,14.4651310128,20.0786233002
2002-04-06,11.203075959,-22.3695410004,14.8455534316,20.1016175763
2002-04-07,11.3069198185,-22.2105104997,13.6045236505,19.9592341795
2002-04-08,11.7601550958,-21.8995779693,14.7116026378,22.2980497975
2002-04-09,12.4901563235,-20.929135367,15.3248200631,23.0363148703
2002-04-10,13.3852926737,-22.6577269612,15.8871088256,23.8642164417
2002-04-11,12.8536213784,-22.0187462819,14.9080225396,23.7729050432
2002-04-12,12.7601220255,-21.1325924152,17.291906333,23.284845801
2002-04-13,11.7333967249,-20.3556512651,17.1766163637,22.3207877777
2002-04-14,11.0975888413,-21.7900051815,16.5355523272,23.6726181644
2002-04-15,13.2485526035,-21.8987501526,17.618044227,24.1181350346
2002-04-16,14.5159056499,-23.3161852387,18.9085436478,25.0206715609
2002-04-17,13.8776748973,-23.7725479685,20.4673435273,26.4259570534
2002-04-18,14.3469670898,-24.615798279,20.0525899461,25.9574191363
2002-04-19,13.3281303741,-25.5190322251,19.7072130358,24.4477960659
2002-04-20,11.686843087,-25.9869225236,18.7942784929,25.4201497724
2002-04-21,12.53368111,-25.8056017341,19.0391957535,26.245650252
2002-04-22,11.1764040279,-27.425699139,17.4777940007,26.3241756056
2002-04-23,11.2821228783,-26.4430211332,17.3687809578,24.9280514946
2002-04-24,10.5568798851,-28.5180687971,17.7112273225,23.6412194546
2002-04-25,12.2043496931,-28.8046420476,18.0597098777,21.7794281839
2002-04-26,12.8490162923,-28.8659862945,16.8555050781,22.6574718483
2002-04-27,13.5792252616,-29.7015471929,15.5035062737,22.9102207843
2002-04-28,15.2114651865,-29.3622605742,16.5460155348,23.8261249393
2002-04-29,15.6597760159,-28.2159091142,17.2167301122,24.3516792138
2002-04-30,15.1848279919,-29.182549368,16.1702218293,24.2466171098
2002-05-01,16.0426053005,-28.7216028566,16.9714910135,24.0565142406
2002-05-02,15.2471056711,-29.8025573116,16.5295813344,24.6683223332
2002-05-03,15.7843739947,-30.7026799375,16.8828317852,23.2112778616
2002-05-04,16.3631777279,-31.956486009,18.583455982,21.6866039374
2002-05-05,16.3989986212,-33.199785283,19.7874735875,21.8246110387
2002-05-06,17.3879506381,-32.6692285025,21.5690181737,23.4407939898
2002-05-07,16.5464716213,-32.1575161409,22.6724106583,24.3667500419
2002-05-08,14.8797838832,-30.850234433,22.5651544929,25.218678714
2002-05-09,15.0857752199,-29.8706964957,21.8034015004,25.1590946858
2002-05-10,15.7104077285,-32.095954497,21.8966880543,26.3183691682
2002-05-11,15.120846551,-31.7408206516,22.6216087131,26.6484435546
2002-05-12,14.3111600674,-32.477522594,23.3726637173,27.1959663267
2002-05-13,14.5278191398,-31.2812968782,21.4239175289,26.7088346621
2002-05-14,14.8056427358,-29.5161219281,20.6498446983,25.2799266739
2002-05-15,15.4186674509,-29.6422308514,19.7585580994,27.4501946245
2002-05-16,14.2865860236,-29.0269243239,20.395048902,29.1709844028
2002-05-17,13.820462559,-28.9835720378,19.7403813348,29.1749941525
2002-05-18,12.8933684397,-28.2981041665,20.5285679569,29.7937578216
2002-05-19,11.6733376513,-29.037274908,20.0168674265,31.3535890914
2002-05-20,10.2607101327,-28.3946135131,19.6396223789,32.4028545046
2002-05-21,9.98978754723,-24.7869475237,20.8697963133,31.6178902926
2002-05-22,8.79761025342,-25.1256871624,20.9684033081,31.7741960366
2002-05-23,10.0889443722,-25.4260324293,19.3599479664,30.6792345836
2002-05-24,10.8790639623,-25.2973446082,17.9866907054,29.9135762162
2002-05-25,11.9552566272,-25.2550731545,19.2991109516,30.6924283995
2002-05-26,12.7726612228,-26.1582769067,20.1371665238,29.181463231
2002-05-27,11.6712444476,-25.7763494629,19.5484588245,29.9382122079
2002-05-28,12.5620388235,-25.0468194781,17.9117149737,28.8255325958
2002-05-29,11.353050711,-24.972544328,17.164331139,29.3280629744
2002-05-30,11.5921549692,-25.7059391708,17.2649469309,28.5794511294
2002-05-31,11.9034741464,-25.3981014536,16.7627555866,29.2697491873
2002-06-01,12.4297518138,-24.6333029296,17.1582899319,29.3586728334
2002-06-02,14.109304622,-24.1249732759,16.701745946,29.9677110584
2002-06-03,15.2671467609,-23.817085489,16.5130241353,30.1734814602
2002-06-04,16.0564958559,-22.0599445185,16.4450985593,29.8867474944
2002-06-05,13.8217064126,-23.1406942267,17.7152650269,28.4528932374
2002-06-06,12.8826668703,-21.2545080243,18.4756221962,27.7492990416
2002-06-07,12.8825169273,-21.451859118,18.8096783776,27.1467564555
2002-06-08,11.3547049523,-22.7457204567,16.4812048508,26.8077432303
2002-06-09,12.4315380927,-23.7756331553,18.2816711175,26.7031345081
2002-06-10,12.8031717101,-23.8476073473,18.3368313622,27.8298798713
2002-06-11,11.4300960374,-22.4262204182,19.2779605049,28.93285917
2002-06-12,10.7823186717,-23.5075505798,19.580560195,29.8954640919
2002-06-13,9.41671754317,-23.0411722403,21.0170292695,29.9315644983
2002-06-14,7.75828015468,-23.6830685167,21.9094632904,29.3068515762
2002-06-15,7.57514412653,-23.5222526062,22.5724507416,29.6413845366
2002-06-16,8.03573038423,-24.3923616193,22.7219373727,30.9788581027
2002-06-17,7.84636606173,-23.895711506,22.9174286107,31.1912834246
2002-06-18,8.76099472684,-23.1216096256,24.3430971643,31.2984353916
2002-06-19,7.62014959723,-21.4537885335,26.7516135125,32.329891527
2002-06-20,7.12796247746,-21.6592244128,28.2173751521,31.0592171551
2002-06-21,7.22207943373,-22.4540976846,27.1965109331,30.9344877667
2002-06-22,8.15548785038,-22.3614775883,27.8384717718,30.8530595174
2002-06-23,6.5608671669,-24.4818365093,28.1305712971,32.0774480584
2002-06-24,6.33785571368,-24.1150163973,29.3865481304,31.8173078389
2002-06-25,5.61795124757,-25.9450092226,28.562851887,31.3722137367
2002-06-26,5.03689639013,-25.6306103454,27.8174176599,31.1705808302
2002-06-27,5.23746687307,-24.7764090028,29.5688490959,32.285254114
2002-06-28,4.3561987429,-25.1297554509,28.8669089902,34.1301961292
2002-06-29,5.56998909776,-25.1379809903,29.482520931,33.3712237696
2002-06-30,4.76022569807,-25.0364305125,28.8334710979,35.0878455594
2002-07-01,6.71679280478,-24.0275379638,28.6145661089,35.1734951981
2002-07-02,6.34583305354,-23.7088435421,28.0651665838,35.6532819262
2002-07-03,6.99477188299,-24.8533458442,28.7021192106,35.9311703021
2002-07-04,6.88200630143,-24.6339954995,28.6440883815,36.0696357058
2002-07-05,7.04914993088,-26.127943341,28.638625166,35.6651243701
2002-07-06,6.39872361753,-25.2690236619,28.3819221553,34.1407405239
2002-07-07,5.37610479571,-25.635578997,29.2258335227,33.3645551987
2002-07-08,6.02090338013,-26.2436380127,31.3403959668,35.1797948554
2002-07-09,4.42297629894,-24.9986199065,31.4007009939,35.2883227496
2002-07-10,4.82498498,-26.7492301299,30.2805519298,33.9898698908
2002-07-11,4.50228435772,-27.4953437017,29.7451136382,33.7632659447
2002-07-12,4.3411107219,-27.6348427822,31.025773092,33.5544632213
2002-07-13,3.69633678691,-26.8208875481,29.9931356026,34.4824937207
2002-07-14,4.64996061428,-27.8746632572,31.1072061801,36.1676439186
2002-07-15,3.55916334055,-29.694720954,31.8514012606,37.3313257875
2002-07-16,3.46399725575,-29.0566010925,30.8842003362,38.6239083199
2002-07-17,4.57946985492,-27.7807458596,29.5842967309,38.7134014873
2002-07-18,3.67058172808,-25.8490215678,29.7833848019,38.1921463821
2002-07-19,3.51951584865,-26.8748760916,30.4812608284,37.5085860585
2002-07-20,4.28429381107,-26.524567004,31.1418921815,37.6769219559
2002-07-21,5.21873650705,-26.2777484588,29.6071625911,37.0430890891
2002-07-22,7.70556573497,-26.5814011781,30.5424075216,38.2720817748
2002-07-23,7.24743567725,-27.1116596368,30.7842981125,38.8163433992
2002-07-24,7.67825712025,-27.4091237199,31.3944879367,38.6554278418
2002-07-25,7.40836350027,-25.6564622755,31.1979793544,38.0245157423
2002-07-26,6.85082095522,-25.4370471015,32.563352844,39.869811545
2002-07-27,6.30358252252,-24.9021697951,33.2091240545,40.8669981272
2002-07-28,5.1644598482,-24.9731857442,31.6149461595,40.2481309518
2002-07-29,5.51471488011,-25.1728271785,32.7124017649,40.3608534169
2002-07-30,6.5997779571,-25.4472623681,34.9306228408,41.1217472884
2002-07-31,5.59312378165,-27.9106665521,35.1557298255,41.4298436953
2002-08-01,4.59524830697,-27.478008906,32.9025363265,41.7816548813
2002-08-02,4.39503527349,-28.7526748779,33.9680237136,42.3251969091
2002-08-03,6.07459651746,-28.0191123132,33.2844056968,42.487664092
2002-08-04,6.94970000143,-28.4774241524,33.5606671016,41.7626122046
2002-08-05,7.11469301335,-28.4574859593,34.2270913765,40.9277116916
2002-08-06,6.79149362559,-28.2168885798,32.6049572629,39.6777469487
2002-08-07,6.05107921454,-29.83158198,34.8793121212,39.5775570507
2002-08-08,7.10956842272,-30.670531707,36.7859322314,39.8116354081
2002-08-09,5.98708126663,-28.8804701732,35.9399533593,40.9913902665
2002-08-10,7.60956517802,-30.042724998,35.6452502648,40.5314598033
2002-08-11,7.3167748746,-29.8779808261,35.4467753977,40.0008672879
2002-08-12,7.83143409944,-28.3676762639,35.1766393018,40.1913896808
2002-08-13,9.45388328143,-28.2440865027,35.9035356921,41.7128100909
2002-08-14,9.64508215409,-29.1843137821,34.1448523341,41.2804025253
2002-08-15,9.88889874224,-27.7589358099,34.8417485254,41.8489114373
2002-08-16,9.81132889927,-27.0108187736,36.1774271116,41.772439163
2002-08-17,10.4184805762,-28.1279769838,36.1002371747,40.6313808238
2002-08-18,12.611805682,-26.1623505121,35.9852323752,39.2238052348
2002-08-19,13.7406361329,-27.7034538377,35.8079385459,39.8903842896
2002-08-20,14.0225865447,-29.7185070166,35.0257540475,39.8405532899
2002-08-21,16.894323545,-28.3362892985,33.8406560161,39.0027099728
2002-08-22,14.7984523457,-27.9108283294,32.6722800822,38.9123534965
2002-08-23,15.2365167488,-26.3919874996,34.0640091619,37.9924034495
2002-08-24,17.5052937206,-27.097429064,34.4600492598,38.7388812205
2002-08-25,16.6641190492,-28.4119008549,33.4816908481,38.2904360031
2002-08-26,17.1912097802,-28.878432755,32.502321761,38.6244214286
2002-08-27,17.7549127678,-27.9326855258,32.6298626339,40.4428057731
2002-08-28,17.4941030393,-29.7381763835,32.9510467118,40.5072787413
2002-08-29,17.6451113279,-29.8174826994,33.3082681753,41.2036601259
2002-08-30,17.9303254736,-29.1543627928,33.3263984921,41.4818436669
2002-08-31,18.2286213625,-29.8682922201,33.0588686871,43.8528360939
2002-09-01,16.133268122,-29.5795103041,34.2106242992,45.0913154088
2002-09-02,15.8072772921,-29.4392416501,35.1931416691,45.8039617111
2002-09-03,15.5572915265,-29.4784523513,33.8409929297,45.8139765945
2002-09-04,16.6480727626,-30.6219281276,32.6270540582,45.6694962041
2002-09-05,14.2896104895,-31.0980575715,32.1491394923,44.4880901459
2002-09-06,12.020142241,-30.8711591076,32.1102402799,45.2761923142
2002-09-07,11.8087818029,-31.2602998154,33.1053281398,45.7626720867
2002-09-08,11.8163100641,-30.8333052642,32.9933791363,46.2776327475
2002-09-09,10.4929310189,-31.3314097425,31.1522884838,47.1411966148
2002-09-10,10.0380269938,-31.2151372973,29.6980905404,48.6005845811
2002-09-11,9.69717818877,-31.7668987167,29.1868214399,48.432649042
2002-09-12,9.7766111205,-32.1153212843,32.0082518596,47.0918452616
2002-09-13,8.45299016885,-32.4830839922,31.1763272247,46.6737025952
2002-09-14,8.88665894413,-33.1879893696,30.4764133032,44.4107905839
2002-09-15,10.8813774168,-34.3466320098,29.6435275652,45.0955923001
2002-09-16,9.93397077084,-34.219089792,31.7401075092,44.5130394431
2002-09-17,10.7996635425,-33.5716502706,33.5649441579,44.9149541704
2002-09-18,10.8076607248,-33.8740048595,34.2407269154,44.2603188449
2002-09-19,11.1415162176,-32.473839697,34.1482102662,42.4425439076
2002-09-20,12.7077923424,-32.1174311356,33.974105842,41.5567691185
2002-09-21,13.7570398481,-31.0587650117,34.5458856569,40.7942291974
2002-09-22,14.3865200204,-30.2598042334,34.0997775414,39.6876657762
2002-09-23,15.6643928527,-30.6698166618,35.7510731535,39.9874215493
2002-09-24,16.1034072681,-32.6012695813,35.4276521503,40.5059293325
2002-09-25,15.2817511522,-32.9600210487,35.5247922033,39.6662572333
2002-09-26,15.2239334859,-33.94723761,36.4438543142,41.8467330591
